[
{"Modelo": "Notebook Inspiron 15 3000", "Link": "https://www.dell.com/pt-br/shop/notebooks-dell/notebook-inspiron-15-3000/spd/inspiron-15-3501-laptop/i3501u3111w", "Preço": "\n    R$2.951,00\n", "Processador": "\n            Intel® Pentium® Gold 7505\n        ", "OS": "\n            Ubuntu Linux 20.04\n        ", "Placa de Video": "\n            Placa de vídeo integrada Intel® UHD Graphics com memória gráfica compartilhada\n        ", "Memória Ram": "\n            Memória de 4GB\n        ", "HD": "\n            SSD de 128GB PCIe NVMe M.2\n        ", "Tela": "\n    Tela 15.6”\n\n", "Peso": "\n    Peso inicial de 1,78 kg\n\n        "},
{"Modelo": "Notebook Inspiron 15 3000", "Link": "https://www.dell.com/pt-br/shop/notebooks-dell/notebook-inspiron-15-3000/spd/inspiron-15-3501-laptop/i3501w3111w", "Preço": "\n    R$3.099,00\n", "Processador": "\n            Intel® Pentium® Gold 7505\n        ", "OS": "\n            Windows 10 Home Single Language\n        ", "Placa de Video": "\n            Placa de vídeo integrada Intel® UHD Graphics com memória gráfica compartilhada\n        ", "Memória Ram": "\n            Memória de 4GB\n        ", "HD": "\n            SSD de 128GB PCIe NVMe M.2\n        ", "Tela": "\n    Tela 15.6”\n\n", "Peso": "\n    Peso inicial de 1,78 kg\n\n        "},
{"Modelo": "Notebook Inspiron 15 3000", "Link": "https://www.dell.com/pt-br/shop/notebooks-dell/notebook-inspiron-15-3000/spd/inspiron-15-3501-laptop/i3501u121w", "Preço": "\n    R$3.351,00\n", "Processador": "\n            Intel® Core™ i3-1005G1\n        ", "OS": "\n            Ubuntu Linux 20.04\n        ", "Placa de Video": "\n            Placa de vídeo integrada Intel® UHD Graphics com memória gráfica compartilhada\n        ", "Memória Ram": "\n            Memória de 4GB\n        ", "HD": "\n            SSD de 128GB PCIe NVMe M.2\n        ", "Tela": "\n    Tela 15.6”\n\n", "Peso": "\n    Peso inicial de 1,78 kg\n\n        "},
{"Modelo": "Notebook Inspiron 15 3000", "Link": "https://www.dell.com/pt-br/shop/notebooks-dell/notebook-inspiron-15-3000/spd/inspiron-15-3501-laptop/i3501w121w", "Preço": "\n    R$3.499,00\n", "Processador": "\n            Intel® Core™ i3-1005G1\n        ", "OS": "\n            Windows 10 Home Single Language\n        ", "Placa de Video": "\n            Placa de vídeo integrada Intel® UHD Graphics com memória gráfica compartilhada\n        ", "Memória Ram": "\n            Memória de 4GB\n        ", "HD": "\n            SSD de 128GB PCIe NVMe M.2\n        ", "Tela": "\n    Tela 15.6”\n\n", "Peso": "\n    Peso inicial de 1,78 kg\n\n        "},
{"Modelo": "Notebook Inspiron 15 3000", "Link": "https://www.dell.com/pt-br/shop/notebooks-dell/notebook-inspiron-15-3000/spd/inspiron-15-3501-laptop/i3501u331w", "Preço": "\n    R$3.500,00\n", "Processador": "\n            Intel® Core™ i3-1005G1\n        ", "OS": "\n            Ubuntu Linux 20.04\n        ", "Placa de Video": "\n            Placa de vídeo integrada Intel® UHD Graphics com memória gráfica compartilhada\n        ", "Memória Ram": "\n            Memória de 4GB\n        ", "HD": "\n            SSD de 256GB PCIe NVMe M.2\n        ", "Tela": "\n    Tela 15.6”\n\n", "Peso": "\n    Peso inicial de 1,78 kg\n\n        "},
{"Modelo": "Notebook Inspiron 15 3000", "Link": "https://www.dell.com/pt-br/shop/notebooks-dell/notebook-inspiron-15-3000/spd/inspiron-15-3501-laptop/i3501w331w", "Preço": "\n    R$3.648,00\n", "Processador": "\n            Intel® Core™ i3-1005G1\n        ", "OS": "\n            Windows 10 Home Single Language\n        ", "Placa de Video": "\n            Placa de vídeo integrada Intel® UHD Graphics com memória gráfica compartilhada\n        ", "Memória Ram": "\n            Memória de 4GB\n        ", "HD": "\n            SSD de 256GB PCIe NVMe M.2\n        ", "Tela": "\n    Tela 15.6”\n\n", "Peso": "\n    Peso inicial de 1,78 kg\n\n        "},
{"Modelo": "Notebook Inspiron 15 3000", "Link": "https://www.dell.com/pt-br/shop/notebooks-dell/notebook-inspiron-15-3000/spd/inspiron-15-3501-laptop/i3501w010w", "Preço": "\n    R$3.849,00\n", "Processador": "\n            Intel® Core™ i3-1005G1\n        ", "OS": "\n            Windows 10 Home Single Language\n        ", "Placa de Video": "\n            Placa de vídeo integrada Intel® UHD Graphics com memória gráfica compartilhada\n        ", "Memória Ram": "\n            Memória de 8GB\n        ", "HD": "\n            SSD de 256GB PCIe NVMe M.2\n        ", "Tela": "\n    Tela 15.6”\n\n", "Peso": "\n    Peso inicial de 1,78 kg\n\n        "},
{"Modelo": "Notebook Inspiron 15 3000", "Link": "https://www.dell.com/pt-br/shop/notebooks-dell/notebook-inspiron-15-3000/spd/inspiron-15-3501-laptop/i3501w1025piw", "Preço": "\n    R$4.099,00\n", "Processador": "\n            Intel® Core™ i5-1035G1\n        ", "OS": "\n            Windows 10 Home Single Language\n        ", "Placa de Video": "\n            Placa de vídeo integrada Intel® UHD Graphics com memória gráfica compartilhada\n        ", "Memória Ram": "\n            Memória de 4GB\n        ", "HD": "\n            SSD de 256GB PCIe NVMe M.2\n        ", "Tela": "\n    Tela 15.6”\n\n", "Peso": "\n    Peso inicial de 1,78 kg\n\n        "},
{"Modelo": "Notebook Inspiron 15 3000 AMD Ryzen", "Link": "https://www.dell.com/pt-br/shop/notebooks-dell/notebook-inspiron-15-3000-amd-ryzen/spd/inspiron-15-3515-laptop/i3515w221w", "Preço": "\n    R$4.199,00\n", "Processador": "\n            AMD Ryzen™ 5 3450U\n        ", "OS": "\n            Windows 11 Home Single Language\n        ", "Placa de Video": "\n            Placa gráfica integrada AMD Radeon™ Vega 8\n        ", "Memória Ram": "\n            Memória de 8GB\n        ", "HD": "\n            SSD de 256GB PCIe NVMe M.2\n        ", "Tela": "\n    Tela 15.6”\n\n", "Peso": "\n    Peso inicial de 1,69 kg\n\n        "},
{"Modelo": "Notebook Inspiron 15 3000", "Link": "https://www.dell.com/pt-br/shop/notebooks-dell/notebook-inspiron-15-3000/spd/inspiron-15-3501-laptop/i3501w123iw", "Preço": "\n    R$4.349,00\n", "Processador": "\n            Intel® Core™ i5-1035G1\n        ", "OS": "\n            Windows 10 Home Single Language\n        ", "Placa de Video": "\n            Placa de vídeo integrada Intel® UHD Graphics com memória gráfica compartilhada\n        ", "Memória Ram": "\n            Memória de 8GB\n        ", "HD": "\n            SSD de 256GB PCIe NVMe M.2\n        ", "Tela": "\n    Tela 15.6”\n\n", "Peso": "\n    Peso inicial de 1,78 kg\n\n        "},
{"Modelo": "Notebook Inspiron 15 3000", "Link": "https://www.dell.com/pt-br/shop/notebooks-dell/notebook-inspiron-15-3000/spd/inspiron-15-3583-laptop/ci3583w406brw", "Preço": "\n    ", "Processador": null, "OS": null, "Placa de Video": null, "Memória Ram": null, "HD": null, "Tela": "\n    Tela 15.6”\n\n", "Peso": "\n    Peso inicial de 2,03 kg\n\n        "},
{"Modelo": "Notebook Inspiron 14 2 em 1", "Link": "https://www.dell.com/pt-br/shop/notebook-2-em-1/notebook-inspiron-14-2-em-1/spd/inspiron-14-5406-2-in-1-laptop/i5406w6001w", "Preço": "\n    R$4.649,00\n", "Processador": "\n            Intel® Core™ i3-1115G4\n        ", "OS": "\n            Windows 11 Home Single Language\n        ", "Placa de Video": "\n            Placa de vídeo integrada Intel® UHD Graphics com memória gráfica compartilhada\n        ", "Memória Ram": "\n            Memória de 4GB\n        ", "HD": "\n            SSD de 128GB PCIe NVMe M.2\n        ", "Tela": "\n    Tela de 14.0” Touch\n\n", "Peso": "\n    Peso inicial de 1,62 kg\n\n        "},
{"Modelo": "Notebook Inspiron 15 3000", "Link": "https://www.dell.com/pt-br/shop/notebooks-dell/notebook-inspiron-15-3000/spd/inspiron-15-3501-laptop/i3501w2413w", "Preço": "\n    R$5.049,00\n", "Processador": "\n            Intel® Core™ i5-1135G7\n        ", "OS": "\n            Windows 10 Home Single Language\n        ", "Placa de Video": "\n            Placa de vídeo dedicada NVIDIA® GeForce® MX330 com 2GB de GDDR5\n        ", "Memória Ram": "\n            Memória de 8GB\n        ", "HD": "\n            SSD de 256GB PCIe NVMe M.2\n        ", "Tela": "\n    Tela 15.6”\n\n", "Peso": "\n    Peso inicial de 1,78 kg\n\n        "},
{"Modelo": "Notebook Inspiron 15 3000 AMD Ryzen", "Link": "https://www.dell.com/pt-br/shop/notebooks-dell/notebook-inspiron-15-3000-amd-ryzen/spd/inspiron-15-3515-laptop/i3515w404w", "Preço": "\n    R$5.249,00\n", "Processador": "\n            AMD Ryzen™ 7 3700U\n        ", "OS": "\n            Windows 11 Home Single Language\n        ", "Placa de Video": "\n            Placa gráfica integrada AMD Radeon™ RX Vega 10\n        ", "Memória Ram": "\n            Memória de 8GB\n        ", "HD": "\n            SSD de 256GB PCIe NVMe M.2\n        ", "Tela": "\n    Tela 15.6”\n\n", "Peso": "\n    Peso inicial de 1,69 kg\n\n        "},
{"Modelo": "Notebook Inspiron 14", "Link": "https://www.dell.com/pt-br/shop/notebooks-dell/notebook-inspiron-14/spd/inspiron-14-5402-laptop/i5402w270w", "Preço": "\n    R$5.599,00\n", "Processador": "\n            Intel® Core™ i5-1135G7\n        ", "OS": "\n            Windows 10 Home Single Language\n        ", "Placa de Video": "\n            Placa de vídeo integrada Intel® Iris® Xe Graphics com memória gráfica compartilhada\n        ", "Memória Ram": "\n            Memória de 8GB\n        ", "HD": "\n            SSD de 256GB PCIe NVMe M.2\n        ", "Tela": "\n    Tela 14.0”\n\n", "Peso": "\n    Peso inicial de 1,43 kg\n\n        "},
{"Modelo": "Notebook Inspiron 14 2 em 1", "Link": "https://www.dell.com/pt-br/shop/notebook-2-em-1/notebook-inspiron-14-2-em-1/spd/inspiron-14-5406-2-in-1-laptop/i5406w6003w", "Preço": "\n    R$5.648,00\n", "Processador": "\n            Intel® Core™ i5-1135G7\n        ", "OS": "\n            Windows 11 Home Single Language\n        ", "Placa de Video": "\n            Placa de vídeo integrada Intel® Iris® Xe Graphics com memória gráfica compartilhada\n        ", "Memória Ram": "\n            Memória de 8GB\n        ", "HD": "\n            SSD de 256GB PCIe NVMe M.2\n        ", "Tela": "\n    Tela de 14.0” Touch\n\n", "Peso": "\n    Peso inicial de 1,62 kg\n\n        "},
{"Modelo": "Notebook Inspiron 15 3000", "Link": "https://www.dell.com/pt-br/shop/notebooks-dell/notebook-inspiron-15-3000/spd/inspiron-15-3501-laptop/i3501w253w", "Preço": "\n    R$5.649,00\n", "Processador": "\n            Intel® Core™ i7-1165G7\n        ", "OS": "\n            Windows 10 Home Single Language\n        ", "Placa de Video": "\n            Placa de vídeo integrada Intel® Iris® Xe com memória gráfica compartilhada (benefícios Iris® disponíveis apenas com dois módulos de memória)\n        ", "Memória Ram": "\n            Memória de 8GB\n        ", "HD": "\n            SSD de 256GB PCIe NVMe M.2\n        ", "Tela": "\n    Tela 15.6”\n\n", "Peso": "\n    Peso inicial de 1,78 kg\n\n        "},
{"Modelo": "Notebook Inspiron 15 3000", "Link": "https://www.dell.com/pt-br/shop/notebooks-dell/notebook-inspiron-15-3000/spd/inspiron-15-3501-laptop/i3501w1023pw", "Preço": "\n    R$5.948,00\n", "Processador": "\n            Intel® Core™ i7-1165G7\n        ", "OS": "\n            Windows 10 Home Single Language\n        ", "Placa de Video": "\n            Placa de vídeo dedicada NVIDIA® GeForce® MX330 com 2GB de GDDR5\n        ", "Memória Ram": "\n            Memória de 8GB\n        ", "HD": "\n            SSD de 256GB PCIe NVMe M.2\n        ", "Tela": "\n    Tela 15.6”\n\n", "Peso": "\n    Peso inicial de 1,78 kg\n\n        "},
{"Modelo": "Notebook Inspiron 15", "Link": "https://www.dell.com/pt-br/shop/notebooks-dell/notebook-inspiron-15/spd/inspiron-15-5510-laptop/i5510w4101w", "Preço": "\n    R$5.998,00\n", "Processador": "\n            Intel® Core™ i5-11320H\n        ", "OS": "\n            Windows 11 Home Single Language\n        ", "Placa de Video": "\n            Placa de vídeo integrada Intel® Iris® Xe com memória gráfica compartilhada\n        ", "Memória Ram": "\n            Memória de 8GB\n        ", "HD": "\n            SSD de 256GB PCIe NVMe M.2\n        ", "Tela": "\n    Tela 15.6”\n\n", "Peso": "\n    Peso inicial de 1,64 kg\n\n        "},
{"Modelo": "Notebook Inspiron 14", "Link": "https://www.dell.com/pt-br/shop/notebooks-dell/notebook-inspiron-14/spd/inspiron-14-5402-laptop/i5402w409pw", "Preço": "\n    R$5.998,00\n", "Processador": "\n            Intel® Core™ i5-1135G7\n        ", "OS": "\n            Windows 10 Home Single Language\n        ", "Placa de Video": "\n            Placa de vídeo NVIDIA® GeForce® MX330 com 2GB de GDDR5\n        ", "Memória Ram": "\n            Memória de 8GB\n        ", "HD": "\n            SSD de 256GB PCIe NVMe M.2\n        ", "Tela": "\n    Tela 14.0”\n\n", "Peso": "\n    Peso inicial de 1,43 kg\n\n        "},
{"Modelo": "Notebook Inspiron 15", "Link": "https://www.dell.com/pt-br/shop/notebooks-dell/notebook-inspiron-15/spd/inspiron-15-5502-laptop/i5502w5025pw", "Preço": "\n    R$5.999,00\n", "Processador": "\n            Intel® Core™ i5-1135G7\n        ", "OS": "\n            Windows 10 Home Single Language\n        ", "Placa de Video": "\n            Placa de vídeo dedicada NVIDIA® GeForce® MX350 com 2GB de GDDR5\n        ", "Memória Ram": "\n            Memória de 8GB\n        ", "HD": "\n            SSD de 256GB PCIe NVMe M.2\n        ", "Tela": "\n    Tela 15.6”\n\n", "Peso": "\n    Peso inicial de 1,71 kg\n\n        "},
{"Modelo": "Notebook Inspiron 15 3000", "Link": "https://www.dell.com/pt-br/shop/notebooks-dell/notebook-inspiron-15-3000/spd/inspiron-15-3501-laptop/i3501w1024pw", "Preço": "\n    R$6.199,00\n", "Processador": "\n            Intel® Core™ i7-1165G7\n        ", "OS": "\n            Windows 10 Home Single Language\n        ", "Placa de Video": "\n            Placa de vídeo dedicada NVIDIA® GeForce® MX330 com 2GB de GDDR5\n        ", "Memória Ram": "\n            Memória de 8GB\n        ", "HD": "\n            SSD de 128GB + HD de 1TB (5400 RPM)\n        ", "Tela": "\n    Tela 15.6”\n\n", "Peso": "\n    Peso inicial de 1,78 kg\n\n        "},
{"Modelo": "Notebook Inspiron 15", "Link": "https://www.dell.com/pt-br/shop/notebooks-dell/notebook-inspiron-15/spd/inspiron-15-5510-laptop/i5510w2413w", "Preço": "\n    R$6.598,00\n", "Processador": "\n            Intel® Core™ i5-11320H\n        ", "OS": "\n            Windows 11 Home Single Language\n        ", "Placa de Video": "\n            Placa de vídeo dedicada NVIDIA® GeForce MX450 2GB GDDR5\n        ", "Memória Ram": "\n            Memória de 8GB\n        ", "HD": "\n            SSD de 256GB PCIe NVMe M.2\n        ", "Tela": "\n    Tela 15.6”\n\n", "Peso": "\n    Peso inicial de 1,64 kg\n\n        "},
{"Modelo": "Notebook Inspiron 14 2 em 1", "Link": "https://www.dell.com/pt-br/shop/notebook-2-em-1/notebook-inspiron-14-2-em-1/spd/inspiron-14-5406-2-in-1-laptop/i5406w6007w", "Preço": "\n    R$6.698,00\n", "Processador": "\n            Intel® Core™ i7-1165G7\n        ", "OS": "\n            Windows 11 Home Single Language\n        ", "Placa de Video": "\n            Placa de vídeo integrada Intel® Iris® Xe Graphics com memória gráfica compartilhada\n        ", "Memória Ram": "\n            Memória de 8GB\n        ", "HD": "\n            SSD de 256GB PCIe NVMe M.2\n        ", "Tela": "\n    Tela de 14.0” Touch\n\n", "Peso": "\n    Peso inicial de 1,62 kg\n\n        "},
{"Modelo": "Notebook Inspiron 14", "Link": "https://www.dell.com/pt-br/shop/notebooks-dell/notebook-inspiron-14/spd/inspiron-14-5402-laptop/i5402w408pw", "Preço": "\n    R$6.899,00\n", "Processador": "\n            Intel® Core™ i7-1165G7\n        ", "OS": "\n            Windows 10 Home Single Language\n        ", "Placa de Video": "\n            Placa de vídeo NVIDIA® GeForce® MX330 com 2GB de GDDR5\n        ", "Memória Ram": "\n            Memória de 16GB\n        ", "HD": "\n            SSD de 256GB PCIe NVMe M.2\n        ", "Tela": "\n    Tela 14.0”\n\n", "Peso": "\n    Peso inicial de 1,43 kg\n\n        "},
{"Modelo": "Notebook Inspiron 13", "Link": "https://www.dell.com/pt-br/shop/notebooks-dell/notebook-inspiron-13/spd/inspiron-13-5301-laptop/i5301w1007w", "Preço": "\n    R$6.999,00\n", "Processador": "\n            Intel® Core™ i7-1165G7\n        ", "OS": "\n            Windows 10 Home Single Language\n        ", "Placa de Video": "\n            Placa de vídeo integrada Intel® Iris® Xe com memória gráfica compartilhada\n        ", "Memória Ram": "\n            Memória de 8GB\n        ", "HD": "\n            SSD de 512 GB com 32GB Intel® Optane Memory ™ H10\n        ", "Tela": "\n    Tela 13.3”\n\n", "Peso": "\n    Peso inicial de 1,08 kg\n\n        "},
{"Modelo": "Notebook Inspiron 14", "Link": "https://www.dell.com/pt-br/shop/notebooks-dell/notebook-inspiron-14/spd/inspiron-14-5402-laptop/i5402w2006pw", "Preço": "\n    R$6.999,00\n", "Processador": "\n            Intel® Core™ i7-1165G7\n        ", "OS": "\n            Windows 10 Home Single Language\n        ", "Placa de Video": "\n            Placa de vídeo NVIDIA® GeForce® MX330 com 2GB de GDDR5\n        ", "Memória Ram": "\n            Memória de 16GB\n        ", "HD": "\n            SSD de 512GB PCIe NVMe M.2\n        ", "Tela": "\n    Tela 14.0”\n\n", "Peso": "\n    Peso inicial de 1,43 kg\n\n        "},
{"Modelo": "Notebook Inspiron 15", "Link": "https://www.dell.com/pt-br/shop/notebooks-dell/notebook-inspiron-15/spd/inspiron-15-5510-laptop/i5510w4111w", "Preço": "\n    R$7.299,00\n", "Processador": "\n            Intel® Core™ i7-11390H\n        ", "OS": "\n            Windows 11 Home\n        ", "Placa de Video": "\n            Placa de vídeo dedicada NVIDIA® GeForce MX450 2GB GDDR5\n        ", "Memória Ram": "\n            Memória de 8GB\n        ", "HD": "\n            SSD de 512GB PCIe NVMe M.2\n        ", "Tela": "\n    Tela 15.6”\n\n", "Peso": "\n    Peso inicial de 1,64 kg\n\n        "},
{"Modelo": "Notebook Inspiron 15", "Link": "https://www.dell.com/pt-br/shop/notebooks-dell/notebook-inspiron-15/spd/inspiron-15-5510-laptop/i5510w7000w", "Preço": "\n    R$7.498,00\n", "Processador": "\n            Intel® Core™ i7-11390H\n        ", "OS": "\n            Windows 11 Home\n        ", "Placa de Video": "\n            Placa de vídeo dedicada NVIDIA® GeForce MX450 2GB GDDR5\n        ", "Memória Ram": "\n            Memória de 16GB\n        ", "HD": "\n            SSD de 512GB PCIe NVMe M.2\n        ", "Tela": "\n    Tela 15.6”\n\n", "Peso": "\n    Peso inicial de 1,64 kg\n\n        "}
]